doc_id,url,title,num_pages
040428be-8b21-4de1-9b1e-3421068c0f1c/cl000000/20140507/00000021,https://rescarta.lapl.org/ResCarta-Web/jsp/RcWebImageViewer.jsp?doc_id=040428be-8b21-4de1-9b1e-3421068c0f1c/cl000000/20140507/00000021,Los Angeles City Directory 1875,180
040428be-8b21-4de1-9b1e-3421068c0f1c/cl000000/20180218/00000001,https://rescarta.lapl.org/ResCarta-Web/jsp/RcWebImageViewer.jsp?doc_id=040428be-8b21-4de1-9b1e-3421068c0f1c/cl000000/20180218/00000001,Los Angeles City Directory 1873,68
040428be-8b21-4de1-9b1e-3421068c0f1c/cl000000/20160509/00000011,https://rescarta.lapl.org/ResCarta-Web/jsp/RcWebImageViewer.jsp?doc_id=040428be-8b21-4de1-9b1e-3421068c0f1c/cl000000/20160509/00000011,Los Angeles City Directory (Maxwell's) 1896,1676
040428be-8b21-4de1-9b1e-3421068c0f1c/cl000000/20140123/00000001,https://rescarta.lapl.org/ResCarta-Web/jsp/RcWebImageViewer.jsp?doc_id=040428be-8b21-4de1-9b1e-3421068c0f1c/cl000000/20140123/00000001,"Los Angeles City Directory, 1883-84",526
040428be-8b21-4de1-9b1e-3421068c0f1c/cl000000/20221230/00000005,https://rescarta.lapl.org/ResCarta-Web/jsp/RcWebImageViewer.jsp?doc_id=040428be-8b21-4de1-9b1e-3421068c0f1c/cl000000/20221230/00000005,Mercantile Guide to cities and Suburbs of the United States of America California Edition 1893,557
040428be-8b21-4de1-9b1e-3421068c0f1c/cl000000/20161202/00000001,https://rescarta.lapl.org/ResCarta-Web/jsp/RcWebImageViewer.jsp?doc_id=040428be-8b21-4de1-9b1e-3421068c0f1c/cl000000/20161202/00000001,"California, Oregon & Nevada Trades Guide 1874",435
040428be-8b21-4de1-9b1e-3421068c0f1c/cl000000/20150518/00000001,https://rescarta.lapl.org/ResCarta-Web/jsp/RcWebImageViewer.jsp?doc_id=040428be-8b21-4de1-9b1e-3421068c0f1c/cl000000/20150518/00000001,Los Angeles City Directory 1887-1888 (Maxwells),802
040428be-8b21-4de1-9b1e-3421068c0f1c/cl000000/20140123/00000005,https://rescarta.lapl.org/ResCarta-Web/jsp/RcWebImageViewer.jsp?doc_id=040428be-8b21-4de1-9b1e-3421068c0f1c/cl000000/20140123/00000005,"Los Angeles City Directory, 1900-1901",930
040428be-8b21-4de1-9b1e-3421068c0f1c/cl000000/20160509/00000007,https://rescarta.lapl.org/ResCarta-Web/jsp/RcWebImageViewer.jsp?doc_id=040428be-8b21-4de1-9b1e-3421068c0f1c/cl000000/20160509/00000007,Los Angeles City Directory 1899,1166
040428be-8b21-4de1-9b1e-3421068c0f1c/cl000000/20160509/00000008,https://rescarta.lapl.org/ResCarta-Web/jsp/RcWebImageViewer.jsp?doc_id=040428be-8b21-4de1-9b1e-3421068c0f1c/cl000000/20160509/00000008,Los Angeles City Directory 1901,1342
026bc4f2-52f9-4cbf-b1e4-12291b1cd6d0/cl000000/20140507/00000024,https://rescarta.lapl.org/ResCarta-Web/jsp/RcWebImageViewer.jsp?doc_id=026bc4f2-52f9-4cbf-b1e4-12291b1cd6d0/cl000000/20140507/00000024,"Los Angeles Street and Avenue Guide, 1906",448
040428be-8b21-4de1-9b1e-3421068c0f1c/cl000000/20220701/00000002,https://rescarta.lapl.org/ResCarta-Web/jsp/RcWebImageViewer.jsp?doc_id=040428be-8b21-4de1-9b1e-3421068c0f1c/cl000000/20220701/00000002,"Baumgardt Hollywood city directory, Los Angeles County California. 1906",115
040428be-8b21-4de1-9b1e-3421068c0f1c/cl000000/20180218/00000004,https://rescarta.lapl.org/ResCarta-Web/jsp/RcWebImageViewer.jsp?doc_id=040428be-8b21-4de1-9b1e-3421068c0f1c/cl000000/20180218/00000004,Los Angeles City Directory 1902,1676
040428be-8b21-4de1-9b1e-3421068c0f1c/cl000000/20150518/00000002,https://rescarta.lapl.org/ResCarta-Web/jsp/RcWebImageViewer.jsp?doc_id=040428be-8b21-4de1-9b1e-3421068c0f1c/cl000000/20150518/00000002,Los Angeles City Directory 1887-1888 (Smith & McPhee),556
040428be-8b21-4de1-9b1e-3421068c0f1c/cl000000/20150604/00000001,https://rescarta.lapl.org/ResCarta-Web/jsp/RcWebImageViewer.jsp?doc_id=040428be-8b21-4de1-9b1e-3421068c0f1c/cl000000/20150604/00000001,Los Angeles City Directory 1906,2374
040428be-8b21-4de1-9b1e-3421068c0f1c/cl000000/20161202/00000002,https://rescarta.lapl.org/ResCarta-Web/jsp/RcWebImageViewer.jsp?doc_id=040428be-8b21-4de1-9b1e-3421068c0f1c/cl000000/20161202/00000002,Los Angeles Business Directory 1890-91,467
040428be-8b21-4de1-9b1e-3421068c0f1c/cl000000/20140123/00000002,https://rescarta.lapl.org/ResCarta-Web/jsp/RcWebImageViewer.jsp?doc_id=040428be-8b21-4de1-9b1e-3421068c0f1c/cl000000/20140123/00000002,"Los Angeles City Directory, 1886-7",812
040428be-8b21-4de1-9b1e-3421068c0f1c/cl000000/20161202/00000004,https://rescarta.lapl.org/ResCarta-Web/jsp/RcWebImageViewer.jsp?doc_id=040428be-8b21-4de1-9b1e-3421068c0f1c/cl000000/20161202/00000004,Los Angeles City Directory 1879-80,235
040428be-8b21-4de1-9b1e-3421068c0f1c/cl000000/20220701/00000001,https://rescarta.lapl.org/ResCarta-Web/jsp/RcWebImageViewer.jsp?doc_id=040428be-8b21-4de1-9b1e-3421068c0f1c/cl000000/20220701/00000001,Los Angeles County Telephone Directory 1904,127
040428be-8b21-4de1-9b1e-3421068c0f1c/cl000000/20220701/00000027,https://rescarta.lapl.org/ResCarta-Web/jsp/RcWebImageViewer.jsp?doc_id=040428be-8b21-4de1-9b1e-3421068c0f1c/cl000000/20220701/00000027,Year Book of the Immanuel Presbyterian Church of Los Angeles 1893,70
040428be-8b21-4de1-9b1e-3421068c0f1c/cl000000/20160509/00000010,https://rescarta.lapl.org/ResCarta-Web/jsp/RcWebImageViewer.jsp?doc_id=040428be-8b21-4de1-9b1e-3421068c0f1c/cl000000/20160509/00000010,Los Angeles City Directory 1895,1720
040428be-8b21-4de1-9b1e-3421068c0f1c/cl000000/20160509/00000005,https://rescarta.lapl.org/ResCarta-Web/jsp/RcWebImageViewer.jsp?doc_id=040428be-8b21-4de1-9b1e-3421068c0f1c/cl000000/20160509/00000005,Los Angeles City Directory 1890,914
040428be-8b21-4de1-9b1e-3421068c0f1c/cl000000/20140123/00000004,https://rescarta.lapl.org/ResCarta-Web/jsp/RcWebImageViewer.jsp?doc_id=040428be-8b21-4de1-9b1e-3421068c0f1c/cl000000/20140123/00000004,"Los Angeles City Directory, 1898",1542
040428be-8b21-4de1-9b1e-3421068c0f1c/cl000000/20170519/00000001,https://rescarta.lapl.org/ResCarta-Web/jsp/RcWebImageViewer.jsp?doc_id=040428be-8b21-4de1-9b1e-3421068c0f1c/cl000000/20170519/00000001,Los Angeles City Directory 1904,2190
040428be-8b21-4de1-9b1e-3421068c0f1c/cl000000/20220701/00000004,https://rescarta.lapl.org/ResCarta-Web/jsp/RcWebImageViewer.jsp?doc_id=040428be-8b21-4de1-9b1e-3421068c0f1c/cl000000/20220701/00000004,"Coast county directory including Santa Cruz, San Diego, Ventura, Monterey, San Benito, Santa Barbara, San Luis Obispo, and Los Angeles co…",640
040428be-8b21-4de1-9b1e-3421068c0f1c/cl000000/20160509/00000012,https://rescarta.lapl.org/ResCarta-Web/jsp/RcWebImageViewer.jsp?doc_id=040428be-8b21-4de1-9b1e-3421068c0f1c/cl000000/20160509/00000012,Los Angeles City Directory 1897,1538
040428be-8b21-4de1-9b1e-3421068c0f1c/cl000000/20221230/00000007,https://rescarta.lapl.org/ResCarta-Web/jsp/RcWebImageViewer.jsp?doc_id=040428be-8b21-4de1-9b1e-3421068c0f1c/cl000000/20221230/00000007,San Pedro and Terminal Island City Directory 1902,58
040428be-8b21-4de1-9b1e-3421068c0f1c/cl000000/20180218/00000003,https://rescarta.lapl.org/ResCarta-Web/jsp/RcWebImageViewer.jsp?doc_id=040428be-8b21-4de1-9b1e-3421068c0f1c/cl000000/20180218/00000003,Los Angeles City Directory 1887,551
040428be-8b21-4de1-9b1e-3421068c0f1c/cl000000/20160509/00000006,https://rescarta.lapl.org/ResCarta-Web/jsp/RcWebImageViewer.jsp?doc_id=040428be-8b21-4de1-9b1e-3421068c0f1c/cl000000/20160509/00000006,Los Angeles City Directory 1891,818
040428be-8b21-4de1-9b1e-3421068c0f1c/cl000000/20161202/00000007,https://rescarta.lapl.org/ResCarta-Web/jsp/RcWebImageViewer.jsp?doc_id=040428be-8b21-4de1-9b1e-3421068c0f1c/cl000000/20161202/00000007,Southern California Directory 1875,559
040428be-8b21-4de1-9b1e-3421068c0f1c/cl000000/20160509/00000009,https://rescarta.lapl.org/ResCarta-Web/jsp/RcWebImageViewer.jsp?doc_id=040428be-8b21-4de1-9b1e-3421068c0f1c/cl000000/20160509/00000009,Los Angeles City Directory 1892,944
040428be-8b21-4de1-9b1e-3421068c0f1c/cl000000/20161202/00000006,https://rescarta.lapl.org/ResCarta-Web/jsp/RcWebImageViewer.jsp?doc_id=040428be-8b21-4de1-9b1e-3421068c0f1c/cl000000/20161202/00000006,Los Angeles City Directory 1905,2405
040428be-8b21-4de1-9b1e-3421068c0f1c/cl000000/20140507/00000026,https://rescarta.lapl.org/ResCarta-Web/jsp/RcWebImageViewer.jsp?doc_id=040428be-8b21-4de1-9b1e-3421068c0f1c/cl000000/20140507/00000026,Hollywood City Directory 1906,112
040428be-8b21-4de1-9b1e-3421068c0f1c/cl000000/20140123/00000003,https://rescarta.lapl.org/ResCarta-Web/jsp/RcWebImageViewer.jsp?doc_id=040428be-8b21-4de1-9b1e-3421068c0f1c/cl000000/20140123/00000003,"Los Angeles City Directory, 1894",1684
040428be-8b21-4de1-9b1e-3421068c0f1c/cl000000/20140507/00000022,https://rescarta.lapl.org/ResCarta-Web/jsp/RcWebImageViewer.jsp?doc_id=040428be-8b21-4de1-9b1e-3421068c0f1c/cl000000/20140507/00000022,Los Angeles City Directory 1878,132
040428be-8b21-4de1-9b1e-3421068c0f1c/cl000000/20180218/00000002,https://rescarta.lapl.org/ResCarta-Web/jsp/RcWebImageViewer.jsp?doc_id=040428be-8b21-4de1-9b1e-3421068c0f1c/cl000000/20180218/00000002,Los Angeles Telephone Directory 1882,6
040428be-8b21-4de1-9b1e-3421068c0f1c/cl000000/20221230/00000004,https://rescarta.lapl.org/ResCarta-Web/jsp/RcWebImageViewer.jsp?doc_id=040428be-8b21-4de1-9b1e-3421068c0f1c/cl000000/20221230/00000004,Mercantile Guide to cities and Suburbs of the United States of America California Edition 1892,789
040428be-8b21-4de1-9b1e-3421068c0f1c/cl000000/20161202/00000005,https://rescarta.lapl.org/ResCarta-Web/jsp/RcWebImageViewer.jsp?doc_id=040428be-8b21-4de1-9b1e-3421068c0f1c/cl000000/20161202/00000005,Los Angeles City Directory 1888,1077
040428be-8b21-4de1-9b1e-3421068c0f1c/cl000000/20160509/00000002,https://rescarta.lapl.org/ResCarta-Web/jsp/RcWebImageViewer.jsp?doc_id=040428be-8b21-4de1-9b1e-3421068c0f1c/cl000000/20160509/00000002,Los Angeles City Directory 1884-1885,680
040428be-8b21-4de1-9b1e-3421068c0f1c/cl000000/20220701/00000014,https://rescarta.lapl.org/ResCarta-Web/jsp/RcWebImageViewer.jsp?doc_id=040428be-8b21-4de1-9b1e-3421068c0f1c/cl000000/20220701/00000014,Catholic directory and census of Los Angeles City and Parish Gazetteer of the Diocese of Monterey and Los Angeles 1899,380
040428be-8b21-4de1-9b1e-3421068c0f1c/cl000000/20160509/00000004,https://rescarta.lapl.org/ResCarta-Web/jsp/RcWebImageViewer.jsp?doc_id=040428be-8b21-4de1-9b1e-3421068c0f1c/cl000000/20160509/00000004,Los Angeles City Directory (International ed.) 1906-1907,1284
040428be-8b21-4de1-9b1e-3421068c0f1c/cl000000/20140507/00000023,https://rescarta.lapl.org/ResCarta-Web/jsp/RcWebImageViewer.jsp?doc_id=040428be-8b21-4de1-9b1e-3421068c0f1c/cl000000/20140507/00000023,Los Angeles City Directory 1881-82,348
040428be-8b21-4de1-9b1e-3421068c0f1c/cl000000/20220701/00000005,https://rescarta.lapl.org/ResCarta-Web/jsp/RcWebImageViewer.jsp?doc_id=040428be-8b21-4de1-9b1e-3421068c0f1c/cl000000/20220701/00000005,"Manual of the First Presbyterian Church of Los Angeles, Cal., September 1888",47
040428be-8b21-4de1-9b1e-3421068c0f1c/cl000000/20150518/00000004,https://rescarta.lapl.org/ResCarta-Web/jsp/RcWebImageViewer.jsp?doc_id=040428be-8b21-4de1-9b1e-3421068c0f1c/cl000000/20150518/00000004,Los Angeles City Directory 1896,138
040428be-8b21-4de1-9b1e-3421068c0f1c/cl000000/20150518/00000003,https://rescarta.lapl.org/ResCarta-Web/jsp/RcWebImageViewer.jsp?doc_id=040428be-8b21-4de1-9b1e-3421068c0f1c/cl000000/20150518/00000003,Los Angeles City Directory 1893,1014
040428be-8b21-4de1-9b1e-3421068c0f1c/cl000000/20170519/00000002,https://rescarta.lapl.org/ResCarta-Web/jsp/RcWebImageViewer.jsp?doc_id=040428be-8b21-4de1-9b1e-3421068c0f1c/cl000000/20170519/00000002,Los Angeles City Directory 1907,2120
040428be-8b21-4de1-9b1e-3421068c0f1c/cl000000/20160509/00000003,https://rescarta.lapl.org/ResCarta-Web/jsp/RcWebImageViewer.jsp?doc_id=040428be-8b21-4de1-9b1e-3421068c0f1c/cl000000/20160509/00000003,Los Angeles and Santa Ana Valley City Directory 1883-1884,250
040428be-8b21-4de1-9b1e-3421068c0f1c/cl000000/20160509/00000001,https://rescarta.lapl.org/ResCarta-Web/jsp/RcWebImageViewer.jsp?doc_id=040428be-8b21-4de1-9b1e-3421068c0f1c/cl000000/20160509/00000001,Los Angeles City Directory (Atwood) 1883-1884,356
040428be-8b21-4de1-9b1e-3421068c0f1c/cl000000/20221230/00000013,https://rescarta.lapl.org/ResCarta-Web/jsp/RcWebImageViewer.jsp?doc_id=040428be-8b21-4de1-9b1e-3421068c0f1c/cl000000/20221230/00000013,Southern California Business Directory 1913-1914,609
040428be-8b21-4de1-9b1e-3421068c0f1c/cl000000/20190731/00000001,https://rescarta.lapl.org/ResCarta-Web/jsp/RcWebImageViewer.jsp?doc_id=040428be-8b21-4de1-9b1e-3421068c0f1c/cl000000/20190731/00000001,Santa Monica City Directory 1913,521
040428be-8b21-4de1-9b1e-3421068c0f1c/cl000000/20140507/00000014,https://rescarta.lapl.org/ResCarta-Web/jsp/RcWebImageViewer.jsp?doc_id=040428be-8b21-4de1-9b1e-3421068c0f1c/cl000000/20140507/00000014,Santa Monica City Directory 1923-1924,986
040428be-8b21-4de1-9b1e-3421068c0f1c/cl000000/20161202/00000003,https://rescarta.lapl.org/ResCarta-Web/jsp/RcWebImageViewer.jsp?doc_id=040428be-8b21-4de1-9b1e-3421068c0f1c/cl000000/20161202/00000003,Los Angeles Business Directory 1914,137
040428be-8b21-4de1-9b1e-3421068c0f1c/cl000000/20140123/00000008,https://rescarta.lapl.org/ResCarta-Web/jsp/RcWebImageViewer.jsp?doc_id=040428be-8b21-4de1-9b1e-3421068c0f1c/cl000000/20140123/00000008,"Los Angeles City Directory, 1918",2584
040428be-8b21-4de1-9b1e-3421068c0f1c/cl000000/20140507/00000003,https://rescarta.lapl.org/ResCarta-Web/jsp/RcWebImageViewer.jsp?doc_id=040428be-8b21-4de1-9b1e-3421068c0f1c/cl000000/20140507/00000003,San Fernando Valley City Directory 1924,732
040428be-8b21-4de1-9b1e-3421068c0f1c/cl000000/20140507/00000015,https://rescarta.lapl.org/ResCarta-Web/jsp/RcWebImageViewer.jsp?doc_id=040428be-8b21-4de1-9b1e-3421068c0f1c/cl000000/20140507/00000015,Santa Monica City Directory 1925,1330
040428be-8b21-4de1-9b1e-3421068c0f1c/cl000000/20150518/00000010,https://rescarta.lapl.org/ResCarta-Web/jsp/RcWebImageViewer.jsp?doc_id=040428be-8b21-4de1-9b1e-3421068c0f1c/cl000000/20150518/00000010,Los Angeles City Directory 1916,2454
040428be-8b21-4de1-9b1e-3421068c0f1c/cl000000/20140507/00000007,https://rescarta.lapl.org/ResCarta-Web/jsp/RcWebImageViewer.jsp?doc_id=040428be-8b21-4de1-9b1e-3421068c0f1c/cl000000/20140507/00000007,San Pedro City Directory 1923,632
040428be-8b21-4de1-9b1e-3421068c0f1c/cl000000/20140507/00000011,https://rescarta.lapl.org/ResCarta-Web/jsp/RcWebImageViewer.jsp?doc_id=040428be-8b21-4de1-9b1e-3421068c0f1c/cl000000/20140507/00000011,Santa Monica City Directory 1915-1916,510
040428be-8b21-4de1-9b1e-3421068c0f1c/cl000000/20140507/00000001,https://rescarta.lapl.org/ResCarta-Web/jsp/RcWebImageViewer.jsp?doc_id=040428be-8b21-4de1-9b1e-3421068c0f1c/cl000000/20140507/00000001,San Fernando Valley City Directory 1922,456
040428be-8b21-4de1-9b1e-3421068c0f1c/cl000000/20150518/00000009,https://rescarta.lapl.org/ResCarta-Web/jsp/RcWebImageViewer.jsp?doc_id=040428be-8b21-4de1-9b1e-3421068c0f1c/cl000000/20150518/00000009,Los Angeles City Directory 1914,2906
040428be-8b21-4de1-9b1e-3421068c0f1c/LPU00000/LL000007/00000002,https://rescarta.lapl.org/ResCarta-Web/jsp/RcWebImageViewer.jsp?doc_id=040428be-8b21-4de1-9b1e-3421068c0f1c/LPU00000/LL000007/00000002,Los Angeles Directory Co's Los Angeles City Directory 1909 Containing an Alphabetical List of Business Firms and Private Citizens and Miscel…,1968
040428be-8b21-4de1-9b1e-3421068c0f1c/cl000000/20150518/00000012,https://rescarta.lapl.org/ResCarta-Web/jsp/RcWebImageViewer.jsp?doc_id=040428be-8b21-4de1-9b1e-3421068c0f1c/cl000000/20150518/00000012,Los Angeles City Directory 1922,3304
040428be-8b21-4de1-9b1e-3421068c0f1c/cl000000/20140507/00000002,https://rescarta.lapl.org/ResCarta-Web/jsp/RcWebImageViewer.jsp?doc_id=040428be-8b21-4de1-9b1e-3421068c0f1c/cl000000/20140507/00000002,San Fernando Valley City Directory 1923,582
040428be-8b21-4de1-9b1e-3421068c0f1c/cl000000/20190311/00000001,https://rescarta.lapl.org/ResCarta-Web/jsp/RcWebImageViewer.jsp?doc_id=040428be-8b21-4de1-9b1e-3421068c0f1c/cl000000/20190311/00000001,Los Angeles City Directory 1924,2709
040428be-8b21-4de1-9b1e-3421068c0f1c/cl000000/20150518/00000013,https://rescarta.lapl.org/ResCarta-Web/jsp/RcWebImageViewer.jsp?doc_id=040428be-8b21-4de1-9b1e-3421068c0f1c/cl000000/20150518/00000013,Los Angeles City Directory 1925,2294
040428be-8b21-4de1-9b1e-3421068c0f1c/cl000000/20150518/00000011,https://rescarta.lapl.org/ResCarta-Web/jsp/RcWebImageViewer.jsp?doc_id=040428be-8b21-4de1-9b1e-3421068c0f1c/cl000000/20150518/00000011,Los Angeles City Directory 1920,2672
040428be-8b21-4de1-9b1e-3421068c0f1c/cl000000/20140507/00000012,https://rescarta.lapl.org/ResCarta-Web/jsp/RcWebImageViewer.jsp?doc_id=040428be-8b21-4de1-9b1e-3421068c0f1c/cl000000/20140507/00000012,Santa Monica City Directory 1917,538
040428be-8b21-4de1-9b1e-3421068c0f1c/cl000000/20150518/00000006,https://rescarta.lapl.org/ResCarta-Web/jsp/RcWebImageViewer.jsp?doc_id=040428be-8b21-4de1-9b1e-3421068c0f1c/cl000000/20150518/00000006,Los Angeles City Directory 1910,2090
040428be-8b21-4de1-9b1e-3421068c0f1c/cl000000/20150518/00000014,https://rescarta.lapl.org/ResCarta-Web/jsp/RcWebImageViewer.jsp?doc_id=040428be-8b21-4de1-9b1e-3421068c0f1c/cl000000/20150518/00000014,Watts City Directory 1914-1915,202
040428be-8b21-4de1-9b1e-3421068c0f1c/LPU00000/LL000007/00000004,https://rescarta.lapl.org/ResCarta-Web/jsp/RcWebImageViewer.jsp?doc_id=040428be-8b21-4de1-9b1e-3421068c0f1c/LPU00000/LL000007/00000004,Los Angeles Directory Co.'s Los Angeles City Directory 1927 Embracing an Alphabetically Arranged List of Business Houses and Private Citiz…,2398
040428be-8b21-4de1-9b1e-3421068c0f1c/cl000000/20190731/00000002,https://rescarta.lapl.org/ResCarta-Web/jsp/RcWebImageViewer.jsp?doc_id=040428be-8b21-4de1-9b1e-3421068c0f1c/cl000000/20190731/00000002,Santa Monica City Directory 1919-1920,535
040428be-8b21-4de1-9b1e-3421068c0f1c/LPU00000/LL000007/00000003,https://rescarta.lapl.org/ResCarta-Web/jsp/RcWebImageViewer.jsp?doc_id=040428be-8b21-4de1-9b1e-3421068c0f1c/LPU00000/LL000007/00000003,Los Angeles Directory Co's Los Angeles City Directory 1926 Embracing an Alphabetically Arranged List of Business Houses and Private Citize…,2430
040428be-8b21-4de1-9b1e-3421068c0f1c/cl000000/20140507/00000016,https://rescarta.lapl.org/ResCarta-Web/jsp/RcWebImageViewer.jsp?doc_id=040428be-8b21-4de1-9b1e-3421068c0f1c/cl000000/20140507/00000016,Watts City Directory 1919,82
040428be-8b21-4de1-9b1e-3421068c0f1c/cl000000/20150518/00000008,https://rescarta.lapl.org/ResCarta-Web/jsp/RcWebImageViewer.jsp?doc_id=040428be-8b21-4de1-9b1e-3421068c0f1c/cl000000/20150518/00000008,Los Angeles City Directory 1913,2602
040428be-8b21-4de1-9b1e-3421068c0f1c/cl000000/20150518/00000005,https://rescarta.lapl.org/ResCarta-Web/jsp/RcWebImageViewer.jsp?doc_id=040428be-8b21-4de1-9b1e-3421068c0f1c/cl000000/20150518/00000005,Los Angeles City Directory 1908,2064
040428be-8b21-4de1-9b1e-3421068c0f1c/cl000000/20220701/00000017,https://rescarta.lapl.org/ResCarta-Web/jsp/RcWebImageViewer.jsp?doc_id=040428be-8b21-4de1-9b1e-3421068c0f1c/cl000000/20220701/00000017,"Santa Monica, Ocean Park, Venice, Sawtelle, Brentwood Heights City Directory 1927",795
040428be-8b21-4de1-9b1e-3421068c0f1c/cl000000/20150518/00000015,https://rescarta.lapl.org/ResCarta-Web/jsp/RcWebImageViewer.jsp?doc_id=040428be-8b21-4de1-9b1e-3421068c0f1c/cl000000/20150518/00000015,Watts City Directory 1921,166
040428be-8b21-4de1-9b1e-3421068c0f1c/cl000000/20140123/00000009,https://rescarta.lapl.org/ResCarta-Web/jsp/RcWebImageViewer.jsp?doc_id=040428be-8b21-4de1-9b1e-3421068c0f1c/cl000000/20140123/00000009,"Los Angeles City Directory, 1921",3072
040428be-8b21-4de1-9b1e-3421068c0f1c/cl000000/20150518/00000007,https://rescarta.lapl.org/ResCarta-Web/jsp/RcWebImageViewer.jsp?doc_id=040428be-8b21-4de1-9b1e-3421068c0f1c/cl000000/20150518/00000007,Los Angeles City Directory 1912,2024
040428be-8b21-4de1-9b1e-3421068c0f1c/cl000000/20140507/00000004,https://rescarta.lapl.org/ResCarta-Web/jsp/RcWebImageViewer.jsp?doc_id=040428be-8b21-4de1-9b1e-3421068c0f1c/cl000000/20140507/00000004,San Fernando Valley City Directory 1926,870
040428be-8b21-4de1-9b1e-3421068c0f1c/cl000000/20221230/00000012,https://rescarta.lapl.org/ResCarta-Web/jsp/RcWebImageViewer.jsp?doc_id=040428be-8b21-4de1-9b1e-3421068c0f1c/cl000000/20221230/00000012,Sherman (West Hollywood) directory 1925,129
026bc4f2-52f9-4cbf-b1e4-12291b1cd6d0/cl000000/20170519/00000004,https://rescarta.lapl.org/ResCarta-Web/jsp/RcWebImageViewer.jsp?doc_id=026bc4f2-52f9-4cbf-b1e4-12291b1cd6d0/cl000000/20170519/00000004,Los Angeles. Street Directory (Kelts) 1927 A - Nobel,726
040428be-8b21-4de1-9b1e-3421068c0f1c/cl000000/20221230/00000008,https://rescarta.lapl.org/ResCarta-Web/jsp/RcWebImageViewer.jsp?doc_id=040428be-8b21-4de1-9b1e-3421068c0f1c/cl000000/20221230/00000008,"Santa Monica, Ocean Park, Venice, Sawtelle, & Brentwood Heights City Business Directory Including Surrounding Towns 1927",794
040428be-8b21-4de1-9b1e-3421068c0f1c/cl000000/20190731/00000004,https://rescarta.lapl.org/ResCarta-Web/jsp/RcWebImageViewer.jsp?doc_id=040428be-8b21-4de1-9b1e-3421068c0f1c/cl000000/20190731/00000004,Watts-Compton City Directory 1927-1928,521
040428be-8b21-4de1-9b1e-3421068c0f1c/cl000000/20150604/00000014,https://rescarta.lapl.org/ResCarta-Web/jsp/RcWebImageViewer.jsp?doc_id=040428be-8b21-4de1-9b1e-3421068c0f1c/cl000000/20150604/00000014,Watts City Directory 1925,610
040428be-8b21-4de1-9b1e-3421068c0f1c/cl000000/20140507/00000013,https://rescarta.lapl.org/ResCarta-Web/jsp/RcWebImageViewer.jsp?doc_id=040428be-8b21-4de1-9b1e-3421068c0f1c/cl000000/20140507/00000013,Santa Monica City Directory 1921-1922,744
040428be-8b21-4de1-9b1e-3421068c0f1c/cl000000/20140507/00000006,https://rescarta.lapl.org/ResCarta-Web/jsp/RcWebImageViewer.jsp?doc_id=040428be-8b21-4de1-9b1e-3421068c0f1c/cl000000/20140507/00000006,San Pedro City Directory 1908,122
040428be-8b21-4de1-9b1e-3421068c0f1c/cl000000/20140507/00000027,https://rescarta.lapl.org/ResCarta-Web/jsp/RcWebImageViewer.jsp?doc_id=040428be-8b21-4de1-9b1e-3421068c0f1c/cl000000/20140507/00000027,San Fernando Valley City Directory 1921,282
040428be-8b21-4de1-9b1e-3421068c0f1c/LPU00000/LL000006/00000001,https://rescarta.lapl.org/ResCarta-Web/jsp/RcWebImageViewer.jsp?doc_id=040428be-8b21-4de1-9b1e-3421068c0f1c/LPU00000/LL000006/00000001,"Los Angeles Directory Co's Los Angeles City Directory Including San Pedro, Wilmington, Sawtelle Palms, Westgate and the San Fernando Vall…",3786
040428be-8b21-4de1-9b1e-3421068c0f1c/LPU00000/LL000005/00000001,https://rescarta.lapl.org/ResCarta-Web/jsp/RcWebImageViewer.jsp?doc_id=040428be-8b21-4de1-9b1e-3421068c0f1c/LPU00000/LL000005/00000001,"Los Angeles City Directory, 1915",2632
040428be-8b21-4de1-9b1e-3421068c0f1c/cl000000/20140123/00000006,https://rescarta.lapl.org/ResCarta-Web/jsp/RcWebImageViewer.jsp?doc_id=040428be-8b21-4de1-9b1e-3421068c0f1c/cl000000/20140123/00000006,"Los Angeles City Directory, 1911",1990
040428be-8b21-4de1-9b1e-3421068c0f1c/cl000000/20190731/00000003,https://rescarta.lapl.org/ResCarta-Web/jsp/RcWebImageViewer.jsp?doc_id=040428be-8b21-4de1-9b1e-3421068c0f1c/cl000000/20190731/00000003,Watts-Compton City Directory 1922-1923,437
040428be-8b21-4de1-9b1e-3421068c0f1c/cl000000/20140123/00000007,https://rescarta.lapl.org/ResCarta-Web/jsp/RcWebImageViewer.jsp?doc_id=040428be-8b21-4de1-9b1e-3421068c0f1c/cl000000/20140123/00000007,"Los Angeles City Directory, 1917",2624
040428be-8b21-4de1-9b1e-3421068c0f1c/cl000000/20221230/00000014,https://rescarta.lapl.org/ResCarta-Web/jsp/RcWebImageViewer.jsp?doc_id=040428be-8b21-4de1-9b1e-3421068c0f1c/cl000000/20221230/00000014,Southern California Business Directory 1915,405
026bc4f2-52f9-4cbf-b1e4-12291b1cd6d0/cl000000/20170519/00000005,https://rescarta.lapl.org/ResCarta-Web/jsp/RcWebImageViewer.jsp?doc_id=026bc4f2-52f9-4cbf-b1e4-12291b1cd6d0/cl000000/20170519/00000005,Los Angeles. Street Directory (Kelts) 1927 Nolden - Z,744
040428be-8b21-4de1-9b1e-3421068c0f1c/cl000000/20140507/00000008,https://rescarta.lapl.org/ResCarta-Web/jsp/RcWebImageViewer.jsp?doc_id=040428be-8b21-4de1-9b1e-3421068c0f1c/cl000000/20140507/00000008,San Pedro City Directory 1926,740
040428be-8b21-4de1-9b1e-3421068c0f1c/cl000000/20150604/00000006,https://rescarta.lapl.org/ResCarta-Web/jsp/RcWebImageViewer.jsp?doc_id=040428be-8b21-4de1-9b1e-3421068c0f1c/cl000000/20150604/00000006,San Fernando Valley City Directory 1937-1938,468
040428be-8b21-4de1-9b1e-3421068c0f1c/cl000000/20221230/00000011,https://rescarta.lapl.org/ResCarta-Web/jsp/RcWebImageViewer.jsp?doc_id=040428be-8b21-4de1-9b1e-3421068c0f1c/cl000000/20221230/00000011,"Santa Monica, Ocean Park, Venice, West L.A., Brentwood Heights City Directory 1933",779
040428be-8b21-4de1-9b1e-3421068c0f1c/cl000000/20221230/00000009,https://rescarta.lapl.org/ResCarta-Web/jsp/RcWebImageViewer.jsp?doc_id=040428be-8b21-4de1-9b1e-3421068c0f1c/cl000000/20221230/00000009,"Santa Monica, Ocean Park, Venice, Sawtelle, Brentwood Heights City Directory 1928",949
040428be-8b21-4de1-9b1e-3421068c0f1c/cl000000/20150604/00000007,https://rescarta.lapl.org/ResCarta-Web/jsp/RcWebImageViewer.jsp?doc_id=040428be-8b21-4de1-9b1e-3421068c0f1c/cl000000/20150604/00000007,San Fernando Valley City Directory 1939-1940,678
040428be-8b21-4de1-9b1e-3421068c0f1c/cl000000/20190311/00000008,https://rescarta.lapl.org/ResCarta-Web/jsp/RcWebImageViewer.jsp?doc_id=040428be-8b21-4de1-9b1e-3421068c0f1c/cl000000/20190311/00000008,Syrian Directory of the State of California 1932/33,113
040428be-8b21-4de1-9b1e-3421068c0f1c/LPU00000/LL000003/00000003,https://rescarta.lapl.org/ResCarta-Web/jsp/RcWebImageViewer.jsp?doc_id=040428be-8b21-4de1-9b1e-3421068c0f1c/LPU00000/LL000003/00000003,Los Angeles Directory Co's Los Angeles City Directory 1938 Containing an Alphabetical Directory of Business Concerns and Private Citizens…,2584
040428be-8b21-4de1-9b1e-3421068c0f1c/cl000000/20180218/00000008,https://rescarta.lapl.org/ResCarta-Web/jsp/RcWebImageViewer.jsp?doc_id=040428be-8b21-4de1-9b1e-3421068c0f1c/cl000000/20180218/00000008,Los Angeles City Directory 1941,2856
040428be-8b21-4de1-9b1e-3421068c0f1c/cl000000/20190311/00000004,https://rescarta.lapl.org/ResCarta-Web/jsp/RcWebImageViewer.jsp?doc_id=040428be-8b21-4de1-9b1e-3421068c0f1c/cl000000/20190311/00000004,Armenian Directory of the State of California 1933,217
040428be-8b21-4de1-9b1e-3421068c0f1c/cl000000/20190311/00000002,https://rescarta.lapl.org/ResCarta-Web/jsp/RcWebImageViewer.jsp?doc_id=040428be-8b21-4de1-9b1e-3421068c0f1c/cl000000/20190311/00000002,Los Angeles City Directory 1933,2303
040428be-8b21-4de1-9b1e-3421068c0f1c/cl000000/20190311/00000009,https://rescarta.lapl.org/ResCarta-Web/jsp/RcWebImageViewer.jsp?doc_id=040428be-8b21-4de1-9b1e-3421068c0f1c/cl000000/20190311/00000009,San Pedro City Directory 1932,769
040428be-8b21-4de1-9b1e-3421068c0f1c/cl000000/20190311/00000006,https://rescarta.lapl.org/ResCarta-Web/jsp/RcWebImageViewer.jsp?doc_id=040428be-8b21-4de1-9b1e-3421068c0f1c/cl000000/20190311/00000006,Syrian Directory of the State of California 1928,65
040428be-8b21-4de1-9b1e-3421068c0f1c/cl000000/20220701/00000003,https://rescarta.lapl.org/ResCarta-Web/jsp/RcWebImageViewer.jsp?doc_id=040428be-8b21-4de1-9b1e-3421068c0f1c/cl000000/20220701/00000003,"Baumgardt Hollywood city directory, Los Angeles County California. 1928",162
040428be-8b21-4de1-9b1e-3421068c0f1c/cl000000/20180218/00000006,https://rescarta.lapl.org/ResCarta-Web/jsp/RcWebImageViewer.jsp?doc_id=040428be-8b21-4de1-9b1e-3421068c0f1c/cl000000/20180218/00000006,Los Angeles City Directory 1937,2486
040428be-8b21-4de1-9b1e-3421068c0f1c/cl000000/20190311/00000010,https://rescarta.lapl.org/ResCarta-Web/jsp/RcWebImageViewer.jsp?doc_id=040428be-8b21-4de1-9b1e-3421068c0f1c/cl000000/20190311/00000010,San Pedro City Directory 1937,786
040428be-8b21-4de1-9b1e-3421068c0f1c/cl000000/20180218/00000007,https://rescarta.lapl.org/ResCarta-Web/jsp/RcWebImageViewer.jsp?doc_id=040428be-8b21-4de1-9b1e-3421068c0f1c/cl000000/20180218/00000007,Los Angeles City Directory 1940,2472
040428be-8b21-4de1-9b1e-3421068c0f1c/cl000000/20190731/00000009,https://rescarta.lapl.org/ResCarta-Web/jsp/RcWebImageViewer.jsp?doc_id=040428be-8b21-4de1-9b1e-3421068c0f1c/cl000000/20190731/00000009,North Hollywood and Studio City Directory 1946,439
040428be-8b21-4de1-9b1e-3421068c0f1c/cl000000/20150604/00000008,https://rescarta.lapl.org/ResCarta-Web/jsp/RcWebImageViewer.jsp?doc_id=040428be-8b21-4de1-9b1e-3421068c0f1c/cl000000/20150604/00000008,San Pedro City Directory 1946,818
040428be-8b21-4de1-9b1e-3421068c0f1c/cl000000/20140507/00000019,https://rescarta.lapl.org/ResCarta-Web/jsp/RcWebImageViewer.jsp?doc_id=040428be-8b21-4de1-9b1e-3421068c0f1c/cl000000/20140507/00000019,Westwood Hills City Directory 1933-1934,88
040428be-8b21-4de1-9b1e-3421068c0f1c/LPU00000/LL000004/00000001,https://rescarta.lapl.org/ResCarta-Web/jsp/RcWebImageViewer.jsp?doc_id=040428be-8b21-4de1-9b1e-3421068c0f1c/LPU00000/LL000004/00000001,Los Angeles Directory Co's Los Angeles City Directory 1942 Containing an Alphabetical Directory of Business Concerns and Private Citizens…,3000
040428be-8b21-4de1-9b1e-3421068c0f1c/cl000000/20190311/00000007,https://rescarta.lapl.org/ResCarta-Web/jsp/RcWebImageViewer.jsp?doc_id=040428be-8b21-4de1-9b1e-3421068c0f1c/cl000000/20190311/00000007,Syrian Directory of the State of California 1930,127
040428be-8b21-4de1-9b1e-3421068c0f1c/cl000000/20140507/00000017,https://rescarta.lapl.org/ResCarta-Web/jsp/RcWebImageViewer.jsp?doc_id=040428be-8b21-4de1-9b1e-3421068c0f1c/cl000000/20140507/00000017,Watts City Directory 1932,178
040428be-8b21-4de1-9b1e-3421068c0f1c/cl000000/20190311/00000003,https://rescarta.lapl.org/ResCarta-Web/jsp/RcWebImageViewer.jsp?doc_id=040428be-8b21-4de1-9b1e-3421068c0f1c/cl000000/20190311/00000003,Armenian Directory of the State of California 1932,133
040428be-8b21-4de1-9b1e-3421068c0f1c/cl000000/20221230/00000006,https://rescarta.lapl.org/ResCarta-Web/jsp/RcWebImageViewer.jsp?doc_id=040428be-8b21-4de1-9b1e-3421068c0f1c/cl000000/20221230/00000006,San Pedro and Wilmington City Directory 1940,692
040428be-8b21-4de1-9b1e-3421068c0f1c/cl000000/20190731/00000010,https://rescarta.lapl.org/ResCarta-Web/jsp/RcWebImageViewer.jsp?doc_id=040428be-8b21-4de1-9b1e-3421068c0f1c/cl000000/20190731/00000010,Santa Monica City Directory 1947-1948,1173
040428be-8b21-4de1-9b1e-3421068c0f1c/LPU00000/LL000003/00000002,https://rescarta.lapl.org/ResCarta-Web/jsp/RcWebImageViewer.jsp?doc_id=040428be-8b21-4de1-9b1e-3421068c0f1c/LPU00000/LL000003/00000002,Los Angeles Directory Co's Los Angeles City Directory 1936 Containing an Alphabetical Directory of Business Concerns and Private Citizens…,2294
040428be-8b21-4de1-9b1e-3421068c0f1c/cl000000/20140507/00000020,https://rescarta.lapl.org/ResCarta-Web/jsp/RcWebImageViewer.jsp?doc_id=040428be-8b21-4de1-9b1e-3421068c0f1c/cl000000/20140507/00000020,Westwood Hills City Directory 1934-1935,138
040428be-8b21-4de1-9b1e-3421068c0f1c/cl000000/20190731/00000007,https://rescarta.lapl.org/ResCarta-Web/jsp/RcWebImageViewer.jsp?doc_id=040428be-8b21-4de1-9b1e-3421068c0f1c/cl000000/20190731/00000007,Santa Monica City Directory 1940,569
040428be-8b21-4de1-9b1e-3421068c0f1c/cl000000/20140507/00000005,https://rescarta.lapl.org/ResCarta-Web/jsp/RcWebImageViewer.jsp?doc_id=040428be-8b21-4de1-9b1e-3421068c0f1c/cl000000/20140507/00000005,San Fernando Valley City Directory 1928,956
040428be-8b21-4de1-9b1e-3421068c0f1c/cl000000/20140507/00000009,https://rescarta.lapl.org/ResCarta-Web/jsp/RcWebImageViewer.jsp?doc_id=040428be-8b21-4de1-9b1e-3421068c0f1c/cl000000/20140507/00000009,San Pedro City Directory 1928,758
040428be-8b21-4de1-9b1e-3421068c0f1c/cl000000/20170519/00000003,https://rescarta.lapl.org/ResCarta-Web/jsp/RcWebImageViewer.jsp?doc_id=040428be-8b21-4de1-9b1e-3421068c0f1c/cl000000/20170519/00000003,Los Angeles City Directory 1931,2710
040428be-8b21-4de1-9b1e-3421068c0f1c/cl000000/20190311/00000005,https://rescarta.lapl.org/ResCarta-Web/jsp/RcWebImageViewer.jsp?doc_id=040428be-8b21-4de1-9b1e-3421068c0f1c/cl000000/20190311/00000005,Armenian Directory of the State of California 1940/41,155
040428be-8b21-4de1-9b1e-3421068c0f1c/cl000000/20190731/00000006,https://rescarta.lapl.org/ResCarta-Web/jsp/RcWebImageViewer.jsp?doc_id=040428be-8b21-4de1-9b1e-3421068c0f1c/cl000000/20190731/00000006,Santa Monica and Venice City Directory 1938,917
040428be-8b21-4de1-9b1e-3421068c0f1c/LPU00000/LL000003/00000001,https://rescarta.lapl.org/ResCarta-Web/jsp/RcWebImageViewer.jsp?doc_id=040428be-8b21-4de1-9b1e-3421068c0f1c/LPU00000/LL000003/00000001,Los Angeles Directory Co's Los Angeles City Directory 1929 Embracing an Alphabetically arranged List of Business Houses and Private Citize…,2594
040428be-8b21-4de1-9b1e-3421068c0f1c/cl000000/20150604/00000012,https://rescarta.lapl.org/ResCarta-Web/jsp/RcWebImageViewer.jsp?doc_id=040428be-8b21-4de1-9b1e-3421068c0f1c/cl000000/20150604/00000012,Van Nuys City Directory 1945-1946,334
040428be-8b21-4de1-9b1e-3421068c0f1c/cl000000/20190731/00000008,https://rescarta.lapl.org/ResCarta-Web/jsp/RcWebImageViewer.jsp?doc_id=040428be-8b21-4de1-9b1e-3421068c0f1c/cl000000/20190731/00000008,North Hollywood and Studio City Directory 1944,391
040428be-8b21-4de1-9b1e-3421068c0f1c/cl000000/20140507/00000010,https://rescarta.lapl.org/ResCarta-Web/jsp/RcWebImageViewer.jsp?doc_id=040428be-8b21-4de1-9b1e-3421068c0f1c/cl000000/20140507/00000010,San Pedro City Directory 1930,894
040428be-8b21-4de1-9b1e-3421068c0f1c/cl000000/20150604/00000002,https://rescarta.lapl.org/ResCarta-Web/jsp/RcWebImageViewer.jsp?doc_id=040428be-8b21-4de1-9b1e-3421068c0f1c/cl000000/20150604/00000002,Los Angeles City Directory 1928,2538
040428be-8b21-4de1-9b1e-3421068c0f1c/cl000000/20221230/00000010,https://rescarta.lapl.org/ResCarta-Web/jsp/RcWebImageViewer.jsp?doc_id=040428be-8b21-4de1-9b1e-3421068c0f1c/cl000000/20221230/00000010,"Santa Monica, Ocean Park, Venice, West L.A., Brentwood Heights City Directory 1930-1931",993
040428be-8b21-4de1-9b1e-3421068c0f1c/LPU00000/LL000007/00000001,https://rescarta.lapl.org/ResCarta-Web/jsp/RcWebImageViewer.jsp?doc_id=040428be-8b21-4de1-9b1e-3421068c0f1c/LPU00000/LL000007/00000001,Los Angeles Directory Co's Los Angeles City Directory 1932 Containing an Alphabetical Directory of Business Concerns and Private Citizens…,2712
040428be-8b21-4de1-9b1e-3421068c0f1c/LPU00000/LL000003/00000004,https://rescarta.lapl.org/ResCarta-Web/jsp/RcWebImageViewer.jsp?doc_id=040428be-8b21-4de1-9b1e-3421068c0f1c/LPU00000/LL000003/00000004,Los Angeles Directory Co's Los Angeles City Directory 1939 Containing an Alphabetical Directory of Business Concerns and Private Citizens…,2608
040428be-8b21-4de1-9b1e-3421068c0f1c/cl000000/20190731/00000005,https://rescarta.lapl.org/ResCarta-Web/jsp/RcWebImageViewer.jsp?doc_id=040428be-8b21-4de1-9b1e-3421068c0f1c/cl000000/20190731/00000005,Santa Monica and Venice City Directory 1936,783
040428be-8b21-4de1-9b1e-3421068c0f1c/cl000000/20150604/00000003,https://rescarta.lapl.org/ResCarta-Web/jsp/RcWebImageViewer.jsp?doc_id=040428be-8b21-4de1-9b1e-3421068c0f1c/cl000000/20150604/00000003,Los Angeles City Directory 1930,2718
040428be-8b21-4de1-9b1e-3421068c0f1c/cl000000/20150604/00000004,https://rescarta.lapl.org/ResCarta-Web/jsp/RcWebImageViewer.jsp?doc_id=040428be-8b21-4de1-9b1e-3421068c0f1c/cl000000/20150604/00000004,Los Angeles City Directory 1934,2072
040428be-8b21-4de1-9b1e-3421068c0f1c/cl000000/20180218/00000005,https://rescarta.lapl.org/ResCarta-Web/jsp/RcWebImageViewer.jsp?doc_id=040428be-8b21-4de1-9b1e-3421068c0f1c/cl000000/20180218/00000005,Los Angeles City Directory 1935,2146
040428be-8b21-4de1-9b1e-3421068c0f1c/cl000000/20150604/00000005,https://rescarta.lapl.org/ResCarta-Web/jsp/RcWebImageViewer.jsp?doc_id=040428be-8b21-4de1-9b1e-3421068c0f1c/cl000000/20150604/00000005,San Fernando Valley City Directory 1930,1050
040428be-8b21-4de1-9b1e-3421068c0f1c/cl000000/20140507/00000018,https://rescarta.lapl.org/ResCarta-Web/jsp/RcWebImageViewer.jsp?doc_id=040428be-8b21-4de1-9b1e-3421068c0f1c/cl000000/20140507/00000018,Westwood Hills City Directory 1932-1933,120
040428be-8b21-4de1-9b1e-3421068c0f1c/cl000000/20140507/00000025,https://rescarta.lapl.org/ResCarta-Web/jsp/RcWebImageViewer.jsp?doc_id=040428be-8b21-4de1-9b1e-3421068c0f1c/cl000000/20140507/00000025,Los Angeles Negro City Directory 1930-31,140
040428be-8b21-4de1-9b1e-3421068c0f1c/cl000000/20221230/00000015,https://rescarta.lapl.org/ResCarta-Web/jsp/RcWebImageViewer.jsp?doc_id=040428be-8b21-4de1-9b1e-3421068c0f1c/cl000000/20221230/00000015,Los Angeles City Business Directory Including Surrounding Towns 1928,1763
040428be-8b21-4de1-9b1e-3421068c0f1c/cl000000/20150604/00000013,https://rescarta.lapl.org/ResCarta-Web/jsp/RcWebImageViewer.jsp?doc_id=040428be-8b21-4de1-9b1e-3421068c0f1c/cl000000/20150604/00000013,Van Nuys City Directory 1961-1962,826
040428be-8b21-4de1-9b1e-3421068c0f1c/cl000000/20221230/00000003,https://rescarta.lapl.org/ResCarta-Web/jsp/RcWebImageViewer.jsp?doc_id=040428be-8b21-4de1-9b1e-3421068c0f1c/cl000000/20221230/00000003,"Granada Hills, Mission Hills, Sepulveda Telephone and Street Directory 1971",261
026bc4f2-52f9-4cbf-b1e4-12291b1cd6d0/LPU00000/LL000001/00000007,https://rescarta.lapl.org/ResCarta-Web/jsp/RcWebImageViewer.jsp?doc_id=026bc4f2-52f9-4cbf-b1e4-12291b1cd6d0/LPU00000/LL000001/00000007,"Los Angeles Street Address Directory, 1965, April",776
040428be-8b21-4de1-9b1e-3421068c0f1c/cl000000/20221230/00000002,https://rescarta.lapl.org/ResCarta-Web/jsp/RcWebImageViewer.jsp?doc_id=040428be-8b21-4de1-9b1e-3421068c0f1c/cl000000/20221230/00000002,"Granada Hills, Mission Hills, Sepulveda City and Street Directory 1966",263
026bc4f2-52f9-4cbf-b1e4-12291b1cd6d0/LPU00000/LL000001/00000003,https://rescarta.lapl.org/ResCarta-Web/jsp/RcWebImageViewer.jsp?doc_id=026bc4f2-52f9-4cbf-b1e4-12291b1cd6d0/LPU00000/LL000001/00000003,"Los Angeles Street Address Directory, 1961, October",954
026bc4f2-52f9-4cbf-b1e4-12291b1cd6d0/LPU00000/LL000002/00000002,https://rescarta.lapl.org/ResCarta-Web/jsp/RcWebImageViewer.jsp?doc_id=026bc4f2-52f9-4cbf-b1e4-12291b1cd6d0/LPU00000/LL000002/00000002,"Los Angeles Street Address Directory, 1987, July",1236
040428be-8b21-4de1-9b1e-3421068c0f1c/cl000000/20220701/00000010,https://rescarta.lapl.org/ResCarta-Web/jsp/RcWebImageViewer.jsp?doc_id=040428be-8b21-4de1-9b1e-3421068c0f1c/cl000000/20220701/00000010,"Granada Hills, Mission Hills, Sepulveda City and Street Directory 1968",282
026bc4f2-52f9-4cbf-b1e4-12291b1cd6d0/LPU00000/LL000001/00000006,https://rescarta.lapl.org/ResCarta-Web/jsp/RcWebImageViewer.jsp?doc_id=026bc4f2-52f9-4cbf-b1e4-12291b1cd6d0/LPU00000/LL000001/00000006,"Los Angeles Street Address Directory, 1964, April",782
040428be-8b21-4de1-9b1e-3421068c0f1c/cl000000/20150604/00000009,https://rescarta.lapl.org/ResCarta-Web/jsp/RcWebImageViewer.jsp?doc_id=040428be-8b21-4de1-9b1e-3421068c0f1c/cl000000/20150604/00000009,Sunland-Tujunga City Directory 1949,196
026bc4f2-52f9-4cbf-b1e4-12291b1cd6d0/LPU00000/LL000001/00000005,https://rescarta.lapl.org/ResCarta-Web/jsp/RcWebImageViewer.jsp?doc_id=026bc4f2-52f9-4cbf-b1e4-12291b1cd6d0/LPU00000/LL000001/00000005,"Los Angeles Street Address Directory, 1963, July",798
040428be-8b21-4de1-9b1e-3421068c0f1c/cl000000/20190731/00000011,https://rescarta.lapl.org/ResCarta-Web/jsp/RcWebImageViewer.jsp?doc_id=040428be-8b21-4de1-9b1e-3421068c0f1c/cl000000/20190731/00000011,Sunland-Tujunga City Directory 1948,117
026bc4f2-52f9-4cbf-b1e4-12291b1cd6d0/LPU00000/LL000001/00000008,https://rescarta.lapl.org/ResCarta-Web/jsp/RcWebImageViewer.jsp?doc_id=026bc4f2-52f9-4cbf-b1e4-12291b1cd6d0/LPU00000/LL000001/00000008,"Los Angeles Street Address Directory, 1965, July",774
040428be-8b21-4de1-9b1e-3421068c0f1c/cl000000/20220701/00000009,https://rescarta.lapl.org/ResCarta-Web/jsp/RcWebImageViewer.jsp?doc_id=040428be-8b21-4de1-9b1e-3421068c0f1c/cl000000/20220701/00000009,"Granada Hills, Mission Hills, Sepulveda Telephone and Street Directory 1970",266
040428be-8b21-4de1-9b1e-3421068c0f1c/cl000000/20190731/00000014,https://rescarta.lapl.org/ResCarta-Web/jsp/RcWebImageViewer.jsp?doc_id=040428be-8b21-4de1-9b1e-3421068c0f1c/cl000000/20190731/00000014,"Westwood, Brentwood and Bel-Air City Directory 1956-57",353
040428be-8b21-4de1-9b1e-3421068c0f1c/cl000000/20190731/00000022,https://rescarta.lapl.org/ResCarta-Web/jsp/RcWebImageViewer.jsp?doc_id=040428be-8b21-4de1-9b1e-3421068c0f1c/cl000000/20190731/00000022,Sunland-Tujunga City Directory 1973-1974,267
026bc4f2-52f9-4cbf-b1e4-12291b1cd6d0/LPU00000/LL000001/00000010,https://rescarta.lapl.org/ResCarta-Web/jsp/RcWebImageViewer.jsp?doc_id=026bc4f2-52f9-4cbf-b1e4-12291b1cd6d0/LPU00000/LL000001/00000010,"Los Angeles Street Address Directory, 1968, April",750
040428be-8b21-4de1-9b1e-3421068c0f1c/cl000000/20220701/00000021,https://rescarta.lapl.org/ResCarta-Web/jsp/RcWebImageViewer.jsp?doc_id=040428be-8b21-4de1-9b1e-3421068c0f1c/cl000000/20220701/00000021,"Santa Monica, Brentwood Heights, and Ocean Park City Directory 1952-1953",892
040428be-8b21-4de1-9b1e-3421068c0f1c/cl000000/20190731/00000017,https://rescarta.lapl.org/ResCarta-Web/jsp/RcWebImageViewer.jsp?doc_id=040428be-8b21-4de1-9b1e-3421068c0f1c/cl000000/20190731/00000017,Granada Hills City Directory 1963,197
040428be-8b21-4de1-9b1e-3421068c0f1c/cl000000/20221230/00000001,https://rescarta.lapl.org/ResCarta-Web/jsp/RcWebImageViewer.jsp?doc_id=040428be-8b21-4de1-9b1e-3421068c0f1c/cl000000/20221230/00000001,"Granada Hills, Mission Hills, Sepulveda City and Street Directory 1964",265
040428be-8b21-4de1-9b1e-3421068c0f1c/cl000000/20190731/00000016,https://rescarta.lapl.org/ResCarta-Web/jsp/RcWebImageViewer.jsp?doc_id=040428be-8b21-4de1-9b1e-3421068c0f1c/cl000000/20190731/00000016,West Los Angeles City Directory 1961,457
040428be-8b21-4de1-9b1e-3421068c0f1c/cl000000/20190311/00000012,https://rescarta.lapl.org/ResCarta-Web/jsp/RcWebImageViewer.jsp?doc_id=040428be-8b21-4de1-9b1e-3421068c0f1c/cl000000/20190311/00000012,San Pedro City Directory 1952,603
026bc4f2-52f9-4cbf-b1e4-12291b1cd6d0/LPU00000/LL000001/00000009,https://rescarta.lapl.org/ResCarta-Web/jsp/RcWebImageViewer.jsp?doc_id=026bc4f2-52f9-4cbf-b1e4-12291b1cd6d0/LPU00000/LL000001/00000009,"Los Angeles Street Address Directory, 1967, April",768
040428be-8b21-4de1-9b1e-3421068c0f1c/cl000000/20190731/00000012,https://rescarta.lapl.org/ResCarta-Web/jsp/RcWebImageViewer.jsp?doc_id=040428be-8b21-4de1-9b1e-3421068c0f1c/cl000000/20190731/00000012,"Westwood, Brentwood and Bel-Air City Directory 1955-56",421
026bc4f2-52f9-4cbf-b1e4-12291b1cd6d0/LPU00000/LL000001/00000001,https://rescarta.lapl.org/ResCarta-Web/jsp/RcWebImageViewer.jsp?doc_id=026bc4f2-52f9-4cbf-b1e4-12291b1cd6d0/LPU00000/LL000001/00000001,"Los Angeles Street Address Directory, 1956, May",1074
040428be-8b21-4de1-9b1e-3421068c0f1c/cl000000/20190311/00000011,https://rescarta.lapl.org/ResCarta-Web/jsp/RcWebImageViewer.jsp?doc_id=040428be-8b21-4de1-9b1e-3421068c0f1c/cl000000/20190311/00000011,San Pedro City Directory 1949,939
040428be-8b21-4de1-9b1e-3421068c0f1c/cl000000/20190311/00000014,https://rescarta.lapl.org/ResCarta-Web/jsp/RcWebImageViewer.jsp?doc_id=040428be-8b21-4de1-9b1e-3421068c0f1c/cl000000/20190311/00000014,San Pedro City Directory 1957,727
040428be-8b21-4de1-9b1e-3421068c0f1c/cl000000/20150604/00000015,https://rescarta.lapl.org/ResCarta-Web/jsp/RcWebImageViewer.jsp?doc_id=040428be-8b21-4de1-9b1e-3421068c0f1c/cl000000/20150604/00000015,Westwood City Directory 1958-1959,216
040428be-8b21-4de1-9b1e-3421068c0f1c/cl000000/20190731/00000021,https://rescarta.lapl.org/ResCarta-Web/jsp/RcWebImageViewer.jsp?doc_id=040428be-8b21-4de1-9b1e-3421068c0f1c/cl000000/20190731/00000021,Sunland-Tujunga City Directory 1966,251
040428be-8b21-4de1-9b1e-3421068c0f1c/cl000000/20190731/00000018,https://rescarta.lapl.org/ResCarta-Web/jsp/RcWebImageViewer.jsp?doc_id=040428be-8b21-4de1-9b1e-3421068c0f1c/cl000000/20190731/00000018,Northridge and Chatsworth City Directory 1964,131
040428be-8b21-4de1-9b1e-3421068c0f1c/cl000000/20150604/00000011,https://rescarta.lapl.org/ResCarta-Web/jsp/RcWebImageViewer.jsp?doc_id=040428be-8b21-4de1-9b1e-3421068c0f1c/cl000000/20150604/00000011,Sunland-Tujunga City Directory 1969-1970,244
040428be-8b21-4de1-9b1e-3421068c0f1c/cl000000/20190731/00000013,https://rescarta.lapl.org/ResCarta-Web/jsp/RcWebImageViewer.jsp?doc_id=040428be-8b21-4de1-9b1e-3421068c0f1c/cl000000/20190731/00000013,Sunland-Tujunga City Directory 1956,323
040428be-8b21-4de1-9b1e-3421068c0f1c/cl000000/20190731/00000020,https://rescarta.lapl.org/ResCarta-Web/jsp/RcWebImageViewer.jsp?doc_id=040428be-8b21-4de1-9b1e-3421068c0f1c/cl000000/20190731/00000020,Northridge and Chatsworth City Directory 1965-1966,163
026bc4f2-52f9-4cbf-b1e4-12291b1cd6d0/LPU00000/LL000002/00000001,https://rescarta.lapl.org/ResCarta-Web/jsp/RcWebImageViewer.jsp?doc_id=026bc4f2-52f9-4cbf-b1e4-12291b1cd6d0/LPU00000/LL000002/00000001,"Los Angeles Street Address Directory, 1973, July",560
026bc4f2-52f9-4cbf-b1e4-12291b1cd6d0/LPU00000/LL000001/00000004,https://rescarta.lapl.org/ResCarta-Web/jsp/RcWebImageViewer.jsp?doc_id=026bc4f2-52f9-4cbf-b1e4-12291b1cd6d0/LPU00000/LL000001/00000004,"Los Angeles Street Address Directory, 1962, July",790
040428be-8b21-4de1-9b1e-3421068c0f1c/cl000000/20190311/00000013,https://rescarta.lapl.org/ResCarta-Web/jsp/RcWebImageViewer.jsp?doc_id=040428be-8b21-4de1-9b1e-3421068c0f1c/cl000000/20190311/00000013,San Pedro City Directory 1956,793
040428be-8b21-4de1-9b1e-3421068c0f1c/cl000000/20221230/00000016,https://rescarta.lapl.org/ResCarta-Web/jsp/RcWebImageViewer.jsp?doc_id=040428be-8b21-4de1-9b1e-3421068c0f1c/cl000000/20221230/00000016,Westside City Directory 1965,328
040428be-8b21-4de1-9b1e-3421068c0f1c/cl000000/20190731/00000019,https://rescarta.lapl.org/ResCarta-Web/jsp/RcWebImageViewer.jsp?doc_id=040428be-8b21-4de1-9b1e-3421068c0f1c/cl000000/20190731/00000019,Granada Hills City Directory 1965,271
026bc4f2-52f9-4cbf-b1e4-12291b1cd6d0/LPU00000/LL000001/00000002,https://rescarta.lapl.org/ResCarta-Web/jsp/RcWebImageViewer.jsp?doc_id=026bc4f2-52f9-4cbf-b1e4-12291b1cd6d0/LPU00000/LL000001/00000002,"Los Angeles Street Address Directory, 1960, March",1122
040428be-8b21-4de1-9b1e-3421068c0f1c/cl000000/20150604/00000010,https://rescarta.lapl.org/ResCarta-Web/jsp/RcWebImageViewer.jsp?doc_id=040428be-8b21-4de1-9b1e-3421068c0f1c/cl000000/20150604/00000010,Sunland-Tujunga City Directory 1959,292
026bc4f2-52f9-4cbf-b1e4-12291b1cd6d0/LPU00000/LL000001/00000011,https://rescarta.lapl.org/ResCarta-Web/jsp/RcWebImageViewer.jsp?doc_id=026bc4f2-52f9-4cbf-b1e4-12291b1cd6d0/LPU00000/LL000001/00000011,"Los Angeles Street Address Directory, 1969, January",742
040428be-8b21-4de1-9b1e-3421068c0f1c/cl000000/20190731/00000015,https://rescarta.lapl.org/ResCarta-Web/jsp/RcWebImageViewer.jsp?doc_id=040428be-8b21-4de1-9b1e-3421068c0f1c/cl000000/20190731/00000015,San Pedro City Directory 1959,971
